{
  "version": 1,
  "author": "Anonymous maker",
  "editor": "wokwi",
  "parts": [
    { "type": "wokwi-arduino-uno", "id": "uno", "top": 36.55, "left": -35.85, "attrs": {} },
    {
      "type": "wokwi-pushbutton",
      "id": "btn1",
      "top": 22.14,
      "left": 374.22,
      "attrs": { "color": "green" }
    },
    {
      "type": "wokwi-resistor",
      "id": "r1",
      "top": -51.10060118069364,
      "left": -2.790633951190312,
      "attrs": { "value": "1000" }
    },
    {
      "type": "wokwi-resistor",
      "id": "r2",
      "top": 102.97,
      "left": 376.01,
      "attrs": { "value": "1000" }
    },
    {
      "type": "wokwi-lcd1602",
      "id": "lcd2",
      "top": -190.31,
      "left": 261.83,
      "attrs": { "pins": "i2c" }
    }
  ],
  "connections": [
    [ "uno:2", "btn1:1.l", "green", [ "v0" ] ],
    [ "uno:5V", "btn1:2.r", "red", [ "v0" ] ],
    [ "r2:2", "btn1:1.r", "green", [ "v0" ] ],
    [ "r2:1", "uno:GND.2", "green", [ "v0" ] ],
    [ "uno:GND.3", "lcd2:GND", "black", [ "v0" ] ],
    [ "uno:5V", "lcd2:VCC", "red", [ "v0" ] ],
    [ "lcd2:SCL", "uno:A5", "green", [ "h0" ] ],
    [ "lcd2:SDA", "uno:A4", "green", [ "h0" ] ]
  ]
}